股票代號,股票名稱,年度,除息日,每單位配發金額(元),收益分配基準日,發放月份_x,分類標籤,發放月份_y,收盤價
50,元大台灣50,2024,2025/1/17,2.7,2025/1/25,1,半年配,"1, 7",192.5
50,元大台灣50,2024,2024/7/16,1,2024/7/22,7,半年配,"1, 7",192.5
51,元大中型100,2024,2024/11/18,2.46,2024/11/24,11,一年配,11,79.35
52,富邦科技,2024,2024/4/18,6.43,2024/4/24,4,一年配,4,191.8
53,元大電子,2024,2024/11/18,2,2024/11/24,11,一年配,11,102.8
55,元大MSCI金融,2024,2024/11/18,1.18,2024/11/24,11,一年配,11,29.04
56,元大高股息,2024,2025/1/17,1.07,2025/1/25,1,季配息,"1, 4, 7, 10",36.71
56,元大高股息,2024,2024/10/17,1.07,2024/10/23,10,季配息,"1, 4, 7, 10",36.71
56,元大高股息,2024,2024/7/16,1.07,2024/7/22,7,季配息,"1, 4, 7, 10",36.71
56,元大高股息,2024,2024/4/18,0.79,2024/4/24,4,季配息,"1, 4, 7, 10",36.71
6201,元大富櫃50,2024,2024/11/18,0.75,2024/11/24,11,一年配,11,22.31
6203,元大MSCI台灣,2024,2025/1/17,1.9,2025/1/25,1,半年配,"1, 7",64.5
6203,元大MSCI台灣,2024,2024/7/16,0.9,2024/7/22,7,半年配,"1, 7",89.75
6204,永豐臺灣加權,2024,2024/10/24,0.7,2024/10/30,10,一年配,10,79.5
6208,富邦台50,2024,2024/11/18,0.9,2024/11/24,11,半年配,"7, 11",89.75
6208,富邦台50,2024,2024/7/16,0.783,2024/7/22,7,半年配,"7, 11",79.5
00676R,富邦臺灣加權反1,2024,2025/1/17,2.7,2025/1/25,1,一年配,1,116
00679B,元大美債20年,2024,2024/11/18,0.34,2024/11/24,11,季配息,"2, 5, 8, 11",67.7
00679B,元大美債20年,2024,2024/8/16,0.345,2024/8/24,8,季配息,"2, 5, 8, 11",113.15
00679B,元大美債20年,2024,2024/5/17,0.335,2024/5/25,5,季配息,"2, 5, 8, 11",50.2
00679B,元大美債20年,2024,2024/2/27,0.31,2024/3/5,2,季配息,"2, 5, 8, 11",113.15
00687B,國泰20年美債,2024,2024/12/17,0.38,2024/12/23,12,季配息,"3, 6, 9, 12",50.2
00687B,國泰20年美債,2024,2024/9/18,0.42,2024/9/24,9,季配息,"3, 6, 9, 12",12.32
00687B,國泰20年美債,2024,2024/6/20,0.34,2024/6/26,6,季配息,"3, 6, 9, 12",29.51
00687B,國泰20年美債,2024,2024/3/18,0.34,2024/3/24,3,季配息,"3, 6, 9, 12",29.51
690,兆豐藍籌30,2024,2024/11/19,0.8,2024/11/25,11,不定期,"3, 5, 8, 11",29.51
690,兆豐藍籌30,2024,2024/8/16,1,2024/8/24,8,不定期,"3, 5, 8, 11",29.51
690,兆豐藍籌30,2024,2024/5/16,0.9,2024/5/24,5,不定期,"3, 5, 8, 11",31.01
690,兆豐藍籌30,2024,2024/3/4,0.75,2024/3/10,3,不定期,"3, 5, 8, 11",31.01
692,富邦公司治理,2024,2024/11/18,0.6,2024/11/24,11,半年配,"7, 11",31.01
692,富邦公司治理,2024,2024/7/16,0.415,2024/7/22,7,半年配,"7, 11",31.01
00694B,富邦美債1-3年,2024,2025/1/17,0.293,2025/1/25,1,季配息,"1, 4, 7, 10",35.2
00694B,富邦美債1-3年,2024,2024/10/17,0.268,2024/10/23,10,季配息,"1, 4, 7, 10",35.2
00694B,富邦美債1-3年,2024,2024/7/16,0.288,2024/7/22,7,季配息,"1, 4, 7, 10",35.2
00694B,富邦美債1-3年,2024,2024/4/18,0.243,2024/4/24,4,季配息,"1, 4, 7, 10",35.2
00695B,富邦美債7-10年,2024,2025/1/17,0.299,2025/1/25,1,季配息,"1, 4, 7, 10",44.69
00695B,富邦美債7-10年,2024,2024/10/17,0.238,2024/10/23,10,季配息,"1, 4, 7, 10",44.69
00695B,富邦美債7-10年,2024,2024/7/16,0.251,2024/7/22,7,季配息,"1, 4, 7, 10",42.72
00695B,富邦美債7-10年,2024,2024/4/18,0.205,2024/4/24,4,季配息,"1, 4, 7, 10",42.72
00696B,富邦美債20年,2024,2025/1/17,0.267,2025/1/25,1,季配息,"1, 4, 7, 10",42.72
00696B,富邦美債20年,2024,2024/10/17,0.274,2024/10/23,10,季配息,"1, 4, 7, 10",42.72
00696B,富邦美債20年,2024,2024/7/16,0.313,2024/7/22,7,季配息,"1, 4, 7, 10",36.34
00696B,富邦美債20年,2024,2024/4/18,0.22,2024/4/24,4,季配息,"1, 4, 7, 10",36.34
00697B,元大美債7-10,2024,2024/12/17,0.3,2024/12/23,12,季配息,"3, 6, 9, 12",36.34
00697B,元大美債7-10,2024,2024/9/18,0.22,2024/9/24,9,季配息,"3, 6, 9, 12",36.34
00697B,元大美債7-10,2024,2024/6/20,0.28,2024/6/26,6,季配息,"3, 6, 9, 12",32.03
00697B,元大美債7-10,2024,2024/3/18,0.28,2024/3/24,3,季配息,"3, 6, 9, 12",32.03
701,國泰股利精選30,2024,2025/1/17,2.05,2025/1/25,1,半年配,"1, 8",32.03
701,國泰股利精選30,2024,2024/8/16,0.3,2024/8/24,8,半年配,"1, 8",32.03
702,國泰標普低波高息,2024,2025/1/17,0.7,2025/1/25,1,半年配,"1, 7",36.96
702,國泰標普低波高息,2024,2024/7/16,0.66,2024/7/22,7,半年配,"1, 7",36.96
00710B,復華彭博非投等債,2024,2024/12/18,0.26,2024/12/24,12,季配息,"3, 6, 9, 12",36.96
00710B,復華彭博非投等債,2024,2024/9/19,0.24,2024/9/25,9,季配息,"3, 6, 9, 12",36.96
00710B,復華彭博非投等債,2024,2024/6/20,0.26,2024/6/26,6,季配息,"3, 6, 9, 12",28.07
00710B,復華彭博非投等債,2024,2024/3/19,0.23,2024/3/25,3,季配息,"3, 6, 9, 12",28.07
00711B,復華彭博新興債,2024,2024/12/18,0.19,2024/12/24,12,季配息,"3, 6, 9, 12",25.47
00711B,復華彭博新興債,2024,2024/9/19,0.2,2024/9/25,9,季配息,"3, 6, 9, 12",25.47
00711B,復華彭博新興債,2024,2024/6/20,0.19,2024/6/26,6,季配息,"3, 6, 9, 12",20.26
00711B,復華彭博新興債,2024,2024/3/19,0.2,2024/3/25,3,季配息,"3, 6, 9, 12",20.26
712,復華富時不動產,2024,2024/12/18,0.185,2024/12/24,12,季配息,"3, 6, 9, 12",20.26
712,復華富時不動產,2024,2024/9/19,0.2,2024/9/25,9,季配息,"3, 6, 9, 12",20.26
712,復華富時不動產,2024,2024/6/20,0.22,2024/6/26,6,季配息,"3, 6, 9, 12",16.68
712,復華富時不動產,2024,2024/3/19,0.18,2024/3/25,3,季配息,"3, 6, 9, 12",16.68
713,元大台灣高息低波,2024,2024/12/17,1.4,2024/12/23,12,季配息,"3, 6, 9, 12",16.68
713,元大台灣高息低波,2024,2024/9/18,1.5,2024/9/24,9,季配息,"3, 6, 9, 12",16.68
713,元大台灣高息低波,2024,2024/6/19,1.5,2024/6/25,6,季配息,"3, 6, 9, 12",10.24
713,元大台灣高息低波,2024,2024/3/18,0.88,2024/3/24,3,季配息,"3, 6, 9, 12",10.24
714,群益道瓊美國地產,2024,2025/1/22,0.123,2025/1/28,1,季配息,"1, 4, 7, 10",10.24
714,群益道瓊美國地產,2024,2024/10/22,0.123,2024/10/28,10,季配息,"1, 4, 7, 10",10.24
714,群益道瓊美國地產,2024,2024/7/19,0.123,2024/7/27,7,季配息,"1, 4, 7, 10",54.95
714,群益道瓊美國地產,2024,2024/4/18,0.123,2024/4/24,4,季配息,"1, 4, 7, 10",54.95
717,富邦美國特別股,2024,2025/1/17,0.157,2025/1/25,1,季配息,"1, 4, 7, 10",54.95
717,富邦美國特別股,2024,2024/10/17,0.167,2024/10/23,10,季配息,"1, 4, 7, 10",54.95
717,富邦美國特別股,2024,2024/7/16,0.173,2024/7/22,7,季配息,"1, 4, 7, 10",21.91
717,富邦美國特別股,2024,2024/4/18,0.166,2024/4/24,4,季配息,"1, 4, 7, 10",21.91
00718B,富邦中國政策債,2024,2024/8/16,0.371,2024/8/24,8,半年配,"2, 8",21.91
00718B,富邦中國政策債,2024,2024/2/27,0.308,2024/3/5,2,半年配,"2, 8",21.91
00719B,元大美債1-3,2024,2025/1/17,0.35,2025/1/25,1,季配息,"1, 4, 7, 10",16.19
00719B,元大美債1-3,2024,2024/10/17,0.35,2024/10/23,10,季配息,"1, 4, 7, 10",16.19
00719B,元大美債1-3,2024,2024/7/16,0.39,2024/7/22,7,季配息,"1, 4, 7, 10",16.19
00719B,元大美債1-3,2024,2024/4/18,0.37,2024/4/24,4,季配息,"1, 4, 7, 10",16.19
00720B,元大投資級公司債,2024,2025/1/17,0.5,2025/1/25,1,季配息,"1, 4, 7, 10",20.65
00720B,元大投資級公司債,2024,2024/10/17,0.51,2024/10/23,10,季配息,"1, 4, 7, 10",20.65
00720B,元大投資級公司債,2024,2024/7/16,0.52,2024/7/22,7,季配息,"1, 4, 7, 10",32.3
00720B,元大投資級公司債,2024,2024/4/18,0.51,2024/4/24,4,季配息,"1, 4, 7, 10",32.3
00722B,群益投資級電信債,2024,2025/1/22,0.55,2025/1/28,1,季配息,"1, 4, 7, 10",32.3
00722B,群益投資級電信債,2024,2024/10/22,0.53,2024/10/28,10,季配息,"1, 4, 7, 10",32.3
00722B,群益投資級電信債,2024,2024/7/19,0.521,2024/7/27,7,季配息,"1, 4, 7, 10",35.91
00722B,群益投資級電信債,2024,2024/4/18,0.477,2024/4/24,4,季配息,"1, 4, 7, 10",35.91
00723B,群益投資級科技債,2024,2025/1/22,0.46,2025/1/28,1,季配息,"1, 4, 7, 10",35.91
00723B,群益投資級科技債,2024,2024/10/22,0.442,2024/10/28,10,季配息,"1, 4, 7, 10",35.91
00723B,群益投資級科技債,2024,2024/7/19,0.44,2024/7/27,7,季配息,"1, 4, 7, 10",39.3
00723B,群益投資級科技債,2024,2024/4/18,0.413,2024/4/24,4,季配息,"1, 4, 7, 10",39.3
00724B,群益投資級金融債,2024,2025/1/22,0.499,2025/1/28,1,季配息,"1, 4, 7, 10",39.3
00724B,群益投資級金融債,2024,2024/10/22,0.473,2024/10/28,10,季配息,"1, 4, 7, 10",39.3
00724B,群益投資級金融債,2024,2024/7/19,0.476,2024/7/27,7,季配息,"1, 4, 7, 10",34.23
00724B,群益投資級金融債,2024,2024/4/18,0.451,2024/4/24,4,季配息,"1, 4, 7, 10",34.23
00725B,國泰投資級公司債,2024,2025/1/17,0.662,2025/1/25,1,季配息,"1, 4, 7, 10",34.23
00725B,國泰投資級公司債,2024,2024/10/17,0.685,2024/10/25,10,季配息,"1, 4, 7, 10",34.23
00725B,國泰投資級公司債,2024,2024/7/16,0.658,2024/7/22,7,季配息,"1, 4, 7, 10",35.78
00725B,國泰投資級公司債,2024,2024/4/18,0.56,2024/4/26,4,季配息,"1, 4, 7, 10",35.78
00726B,國泰新興投等債,2024,2025/1/17,0.6,2025/1/25,1,半年配,"4, 7",35.78
00726B,國泰新興投等債,2024,2024/10/17,0.62,2024/10/25,1,半年配,"1, 10",35.78
00726B,國泰5Y+新興債,2024,2024/7/16,0.59,2024/7/22,10,半年配,"4, 7",38.12
00726B,國泰5Y+新興債,2024,2024/4/18,0.51,2024/4/26,10,半年配,"1, 10",38.12
00727B,國泰優選非投等債,2024,2025/1/17,0.57,2025/1/25,7,半年配,"4, 7",38.12
00727B,國泰優選非投等債,2024,2024/10/17,0.57,2024/10/25,7,半年配,"1, 10",38.12
00727B,國泰1-5Y非投等債,2024,2024/4/18,0.48,2024/4/26,4,半年配,"4, 7",34.37
00727B,國泰1-5Y非投等債,2024,2024/7/16,0.57,2024/7/22,4,半年配,"1, 10",34.37
728,第一金工業30,2024,2024/12/19,0.771,2024/12/27,1,半年配,"4, 7",34.37
730,富邦臺灣優質高息,2024,2025/1/17,0.086,2025/1/25,1,半年配,"1, 10",34.37
730,富邦臺灣優質高息,2024,2024/12/17,0.086,2024/12/23,10,半年配,"4, 7",41.6
730,富邦臺灣優質高息,2024,2024/10/17,1.3,2024/10/23,10,半年配,"1, 10",41.6
731,復華富時高息低波,2024,2024/11/19,2.38,2024/11/25,4,半年配,"4, 7",41.6
731,復華富時高息低波,2024,2024/8/20,3.38,2024/8/26,4,半年配,"1, 10",41.6
731,復華富時高息低波,2024,2024/5/21,3.38,2024/5/27,7,半年配,"4, 7",32.65
731,復華富時高息低波,2024,2024/2/29,1.21,2024/3/6,7,半年配,"1, 10",23.9
733,富邦臺灣中小,2024,2024/10/17,1.321,2024/10/23,12,一年配,12,23.9
733,富邦臺灣中小,2024,2024/4/18,5.153,2024/4/24,1,不定期,"1, 10, 12",23.9
00734B,台新JPM新興債,2024,2025/1/16,0.16,2025/1/22,12,不定期,"1, 10, 12",68.3
00734B,台新JPM新興債,2024,2024/10/21,0.16,2024/10/27,10,不定期,"1, 10, 12",68.3
00734B,台新JPM新興債,2024,2024/7/16,0.16,2024/7/22,11,季配息,"2, 5, 8, 11",68.3
00734B,台新JPM新興債,2024,2024/4/17,0.18,2024/4/23,8,季配息,"2, 5, 8, 11",68.3
735,國泰臺韓科技,2024,2025/1/17,0.17,2025/1/25,5,季配息,"2, 5, 8, 11",50.7
735,國泰臺韓科技,2024,2024/7/16,2.73,2024/7/22,2,季配息,"2, 5, 8, 11",50.7
736,國泰新興市場,2024,2025/1/17,0.27,2025/1/25,10,半年配,"4, 10",15.76
736,國泰新興市場,2024,2024/7/16,0.13,2024/7/22,4,半年配,"4, 10",15.76
739,元大MSCI A股,2024,2024/10/17,0.5,2024/10/23,1,季配息,"1, 4, 7, 10",15.76
00740B,富邦全球投等債,2024,2025/1/17,0.196,2025/1/25,10,季配息,"1, 4, 7, 10",15.76
00740B,富邦全球投等債,2024,2024/12/17,0.2,2024/12/23,7,季配息,"1, 4, 7, 10",33.37
00740B,富邦全球投等債,2024,2024/11/18,0.213,2024/11/24,4,季配息,"1, 4, 7, 10",33.37
00740B,富邦全球投等債,2024,2024/10/17,0.229,2024/10/23,1,半年配,"1, 7",24.03
00740B,富邦全球投等債,2024,2024/9/18,0.229,2024/9/24,7,半年配,"1, 7",24.03
00740B,富邦全球投等債,2024,2024/8/16,0.229,2024/8/24,1,半年配,"1, 7",23.08
00740B,富邦全球投等債,2024,2024/7/16,0.556,2024/7/22,7,半年配,"1, 7",41.36
00740B,富邦全球投等債,2024,2024/4/18,0.482,2024/4/24,10,一年配,10,41.36
00741B,富邦全球非投等債,2024,2025/1/17,0.217,2025/1/25,1,不定期,"1, 4, 7, 8, 9, 10, 11, 12",41.36
00741B,富邦全球非投等債,2024,2024/12/17,0.201,2024/12/23,12,不定期,"1, 4, 7, 8, 9, 10, 11, 12",41.36
00741B,富邦全球非投等債,2024,2024/11/18,0.277,2024/11/24,11,不定期,"1, 4, 7, 8, 9, 10, 11, 12",41.36
00741B,富邦全球非投等債,2024,2024/10/17,0.277,2024/10/23,10,不定期,"1, 4, 7, 8, 9, 10, 11, 12",41.36
00741B,富邦全球非投等債,2024,2024/9/18,0.277,2024/9/24,9,不定期,"1, 4, 7, 8, 9, 10, 11, 12",41.36
00741B,富邦全球非投等債,2024,2024/8/16,0.277,2024/8/24,8,不定期,"1, 4, 7, 8, 9, 10, 11, 12",41.36
00741B,富邦全球非投等債,2024,2024/7/16,0.476,2024/7/22,7,不定期,"1, 4, 7, 8, 9, 10, 11, 12",39.78
00741B,富邦全球非投等債,2024,2024/4/18,0.459,2024/4/24,4,不定期,"1, 4, 7, 8, 9, 10, 11, 12",39.78
00746B,富邦A級公司債,2024,2025/1/17,0.425,2025/1/25,1,不定期,"1, 4, 7, 8, 9, 10, 11, 12",39.78
00746B,富邦A級公司債,2024,2024/10/17,0.422,2024/10/23,12,不定期,"1, 4, 7, 8, 9, 10, 11, 12",39.78
00746B,富邦A級公司債,2024,2024/7/16,0.445,2024/7/22,11,不定期,"1, 4, 7, 8, 9, 10, 11, 12",39.78
00746B,富邦A級公司債,2024,2024/4/18,0.406,2024/4/24,10,不定期,"1, 4, 7, 8, 9, 10, 11, 12",39.78
00749B,凱基新興債10+,2024,2025/1/17,0.44,2025/1/25,9,不定期,"1, 4, 7, 8, 9, 10, 11, 12",39.78
00749B,凱基新興債10+,2024,2024/10/21,0.435,2024/10/27,8,不定期,"1, 4, 7, 8, 9, 10, 11, 12",39.78
00749B,凱基新興債10+,2024,2024/7/16,0.435,2024/7/22,7,不定期,"1, 4, 7, 8, 9, 10, 11, 12",37.68
00749B,凱基新興債10+,2024,2024/4/18,0.435,2024/4/24,4,不定期,"1, 4, 7, 8, 9, 10, 11, 12",37.68
00750B,凱基科技債10+,2024,2025/1/17,0.395,2025/1/25,1,季配息,"1, 4, 7, 10",37.68
00750B,凱基科技債10+,2024,2024/10/21,0.37,2024/10/27,10,季配息,"1, 4, 7, 10",37.68
00750B,凱基科技債10+,2024,2024/7/16,0.38,2024/7/22,7,季配息,"1, 4, 7, 10",32.21
00750B,凱基科技債10+,2024,2024/4/18,0.435,2024/4/24,4,季配息,"1, 4, 7, 10",32.21
00751B,元大AAA至A公司債,2024,2024/12/17,0.46,2024/12/23,1,季配息,"1, 4, 7, 10",32.21
00751B,元大AAA至A公司債,2024,2024/9/18,0.46,2024/9/24,10,季配息,"1, 4, 7, 10",32.21
00751B,元大AAA至A公司債,2024,2024/6/20,0.47,2024/6/26,7,季配息,"1, 4, 7, 10",36.1
00751B,元大AAA至A公司債,2024,2024/3/18,0.44,2024/3/24,4,季配息,"1, 4, 7, 10",36.1
00754B,群益AAA-AA公司債,2024,2024/11/21,0.45,2024/11/27,1,季配息,"1, 4, 7, 10",36.1
00754B,群益AAA-AA公司債,2024,2024/8/21,0.454,2024/8/27,10,季配息,"1, 4, 7, 10",36.1
00754B,群益AAA-AA公司債,2024,2024/5/17,0.425,2024/5/25,7,季配息,"1, 4, 7, 10",34.72
00754B,群益AAA-AA公司債,2024,2024/2/27,0.418,2024/3/5,4,季配息,"1, 4, 7, 10",34.72
00755B,群益投資級公用債,2024,2024/11/21,0.46,2024/11/27,12,季配息,"3, 6, 9, 12",34.72
00755B,群益投資級公用債,2024,2024/8/21,0.468,2024/8/27,9,季配息,"3, 6, 9, 12",34.72
00755B,群益投資級公用債,2024,2024/5/17,0.452,2024/5/25,6,季配息,"3, 6, 9, 12",36.79
00755B,群益投資級公用債,2024,2024/2/27,0.434,2024/3/5,3,季配息,"3, 6, 9, 12",36.79
00756B,群益投等新興公債,2024,2024/11/21,0.498,2024/11/27,11,季配息,"2, 5, 8, 11",36.79
00756B,群益投等新興公債,2024,2024/8/21,0.505,2024/8/27,8,季配息,"2, 5, 8, 11",36.79
00756B,群益投等新興公債,2024,2024/5/17,0.507,2024/5/25,5,季配息,"2, 5, 8, 11",35.12
00756B,群益投等新興公債,2024,2024/2/27,0.479,2024/3/5,2,季配息,"2, 5, 8, 11",35.12
00758B,復華能源債,2024,2024/11/19,0.6,2024/11/25,11,季配息,"2, 5, 8, 11",35.12
00758B,復華能源債,2024,2024/8/20,0.6,2024/8/26,8,季配息,"2, 5, 8, 11",35.12
00758B,復華能源債,2024,2024/5/22,0.59,2024/5/28,5,季配息,"2, 5, 8, 11",32.81
00758B,復華能源債,2024,2024/2/29,0.59,2024/3/6,2,季配息,"2, 5, 8, 11",32.81
00759B,復華製藥債,2024,2024/11/19,0.62,2024/11/25,11,季配息,"2, 5, 8, 11",32.81
00759B,復華製藥債,2024,2024/8/20,0.64,2024/8/26,8,季配息,"2, 5, 8, 11",32.81
00759B,復華製藥債,2024,2024/5/22,0.61,2024/5/28,5,季配息,"2, 5, 8, 11",53.9
00759B,復華製藥債,2024,2024/2/29,0.6,2024/3/6,2,季配息,"2, 5, 8, 11",53.9
00760B,復華新興企業債,2024,2024/11/19,0.71,2024/11/25,11,季配息,"2, 5, 8, 11",53.9
00760B,復華新興企業債,2024,2024/8/20,0.71,2024/8/26,8,季配息,"2, 5, 8, 11",53.9
00760B,復華新興企業債,2024,2024/5/22,0.71,2024/5/28,5,季配息,"2, 5, 8, 11",58.25
00760B,復華新興企業債,2024,2024/2/29,0.71,2024/3/6,2,季配息,"2, 5, 8, 11",58.25
00761B,國泰A級公司債,2024,2024/11/18,0.5,2024/11/24,11,季配息,"2, 5, 8, 11",58.25
00761B,國泰A級公司債,2024,2024/8/16,0.48,2024/8/24,8,季配息,"2, 5, 8, 11",58.25
00761B,國泰A級公司債,2024,2024/5/17,0.48,2024/5/25,5,季配息,"2, 5, 8, 11",56.1
00761B,國泰A級公司債,2024,2024/2/27,0.48,2024/3/5,2,季配息,"2, 5, 8, 11",56.1
00764B,群益25年美債,2024,2024/12/20,0.362,2024/12/28,11,季配息,"2, 5, 8, 11",56.1
00764B,群益25年美債,2024,2024/9/23,0.362,2024/9/29,8,季配息,"2, 5, 8, 11",56.1
00764B,群益25年美債,2024,2024/6/24,0.266,2024/6/30,5,季配息,"2, 5, 8, 11",37.07
00764B,群益25年美債,2024,2024/3/18,0.209,2024/3/24,2,季配息,"2, 5, 8, 11",37.07
770,國泰北美科技,2024,2025/1/17,4,2025/1/25,11,季配息,"2, 5, 8, 11",37.07
771,元大US高息特別股,2024,2024/11/18,0.22,2024/11/24,8,季配息,"2, 5, 8, 11",37.07
771,元大US高息特別股,2024,2024/8/16,0.22,2024/8/24,5,季配息,"2, 5, 8, 11",31.18
771,元大US高息特別股,2024,2024/5/17,0.21,2024/5/25,2,季配息,"2, 5, 8, 11",31.18
771,元大US高息特別股,2024,2024/2/27,0.2,2024/3/5,12,季配息,"3, 6, 9, 12",31.18
00772B,中信高評級公司債,2024,2025/1/17,0.13,2025/1/25,9,季配息,"3, 6, 9, 12",31.18
00772B,中信高評級公司債,2024,2024/12/17,0.145,2024/12/23,6,季配息,"3, 6, 9, 12",47.38
00772B,中信高評級公司債,2024,2024/11/18,0.135,2024/11/24,3,季配息,"3, 6, 9, 12",17.72
00772B,中信高評級公司債,2024,2024/10/17,0.143,2024/10/23,1,一年配,1,17.72
00772B,中信高評級公司債,2024,2024/9/18,0.143,2024/9/24,11,季配息,"2, 5, 8, 11",17.72
00772B,中信高評級公司債,2024,2024/8/16,0.143,2024/8/24,8,季配息,"2, 5, 8, 11",17.72
00772B,中信高評級公司債,2024,2024/7/16,0.14,2024/7/22,5,季配息,"2, 5, 8, 11",36.13
00772B,中信高評級公司債,2024,2024/6/20,0.137,2024/6/26,2,季配息,"2, 5, 8, 11",36.13
00772B,中信高評級公司債,2024,2024/5/17,0.136,2024/5/25,1,月月配,"1, 2, 3, 4, 5, 6, 7, 8, 9, 10, 11, 12",36.13
00772B,中信高評級公司債,2024,2024/4/18,0.135,2024/4/24,12,月月配,"1, 2, 3, 4, 5, 6, 7, 8, 9, 10, 11, 12",36.13
00772B,中信高評級公司債,2024,2024/3/18,0.13,2024/3/24,11,月月配,"1, 2, 3, 4, 5, 6, 7, 8, 9, 10, 11, 12",36.13
00772B,中信高評級公司債,2024,2024/2/27,0.13,2024/3/5,10,月月配,"1, 2, 3, 4, 5, 6, 7, 8, 9, 10, 11, 12",36.13
00773B,中信優先金融債,2024,2025/1/17,0.138,2025/1/25,9,月月配,"1, 2, 3, 4, 5, 6, 7, 8, 9, 10, 11, 12",36.13
00773B,中信優先金融債,2024,2024/12/17,0.145,2024/12/23,8,月月配,"1, 2, 3, 4, 5, 6, 7, 8, 9, 10, 11, 12",36.13
00773B,中信優先金融債,2024,2024/11/18,0.138,2024/11/24,7,月月配,"1, 2, 3, 4, 5, 6, 7, 8, 9, 10, 11, 12",36.13
00773B,中信優先金融債,2024,2024/10/17,0.135,2024/10/23,6,月月配,"1, 2, 3, 4, 5, 6, 7, 8, 9, 10, 11, 12",36.13
00773B,中信優先金融債,2024,2024/9/18,0.145,2024/9/24,5,月月配,"1, 2, 3, 4, 5, 6, 7, 8, 9, 10, 11, 12",36.13
00773B,中信優先金融債,2024,2024/8/16,0.153,2024/8/24,4,月月配,"1, 2, 3, 4, 5, 6, 7, 8, 9, 10, 11, 12",36.13
00773B,中信優先金融債,2024,2024/7/16,0.15,2024/7/22,3,月月配,"1, 2, 3, 4, 5, 6, 7, 8, 9, 10, 11, 12",37.89
00773B,中信優先金融債,2024,2024/6/20,0.139,2024/6/26,2,月月配,"1, 2, 3, 4, 5, 6, 7, 8, 9, 10, 11, 12",37.89
00773B,中信優先金融債,2024,2024/5/17,0.145,2024/5/25,1,月月配,"1, 2, 3, 4, 5, 6, 7, 8, 9, 10, 11, 12",37.89
00773B,中信優先金融債,2024,2024/4/18,0.142,2024/4/24,12,月月配,"1, 2, 3, 4, 5, 6, 7, 8, 9, 10, 11, 12",37.89
00773B,中信優先金融債,2024,2024/3/18,0.136,2024/3/24,11,月月配,"1, 2, 3, 4, 5, 6, 7, 8, 9, 10, 11, 12",37.89
00773B,中信優先金融債,2024,2024/2/27,0.14,2024/3/5,10,月月配,"1, 2, 3, 4, 5, 6, 7, 8, 9, 10, 11, 12",37.89
00775B,新光投等債15+,2024,2024/11/20,0.57,2024/11/26,9,月月配,"1, 2, 3, 4, 5, 6, 7, 8, 9, 10, 11, 12",37.89
00775B,新光投等債15+,2024,2024/8/20,0.43,2024/8/26,8,月月配,"1, 2, 3, 4, 5, 6, 7, 8, 9, 10, 11, 12",37.89
00775B,新光投等債15+,2024,2024/5/21,0.32,2024/5/27,7,月月配,"1, 2, 3, 4, 5, 6, 7, 8, 9, 10, 11, 12",37.89
00775B,新光投等債15+,2024,2024/3/1,0.145,2024/3/9,6,月月配,"1, 2, 3, 4, 5, 6, 7, 8, 9, 10, 11, 12",37.89
00777B,凱基AAA至A公司債,2024,2025/1/17,0.145,2025/1/25,5,月月配,"1, 2, 3, 4, 5, 6, 7, 8, 9, 10, 11, 12",37.89
00777B,凱基AAA至A公司債,2024,2024/12/17,0.43,2024/12/23,4,月月配,"1, 2, 3, 4, 5, 6, 7, 8, 9, 10, 11, 12",37.89
00777B,凱基AAA至A公司債,2024,2024/9/19,0.425,2024/9/25,3,月月配,"1, 2, 3, 4, 5, 6, 7, 8, 9, 10, 11, 12",34.32
00777B,凱基AAA至A公司債,2024,2024/6/20,0.395,2024/6/26,2,月月配,"1, 2, 3, 4, 5, 6, 7, 8, 9, 10, 11, 12",34.32
00777B,凱基AAA至A公司債,2024,2024/3/18,0.395,2024/3/24,11,不定期,"3, 5, 8, 11",34.32
00778B,凱基金融債20+,2024,2025/1/17,0.145,2025/1/25,8,不定期,"3, 5, 8, 11",34.32
00778B,凱基金融債20+,2024,2024/12/17,0.435,2024/12/23,5,不定期,"3, 5, 8, 11",35.51
00778B,凱基金融債20+,2024,2024/9/19,0.46,2024/9/25,3,不定期,"3, 5, 8, 11",35.51
00778B,凱基金融債20+,2024,2024/6/20,0.415,2024/6/26,1,不定期,"1, 3, 6, 9, 12",35.51
00778B,凱基金融債20+,2024,2024/3/18,0.405,2024/3/24,12,不定期,"1, 3, 6, 9, 12",35.51
00779B,凱基美債25+,2024,2024/12/17,0.285,2024/12/23,9,不定期,"1, 3, 6, 9, 12",35.51
00779B,凱基美債25+,2024,2024/9/19,0.283,2024/9/25,6,不定期,"1, 3, 6, 9, 12",37.04
00779B,凱基美債25+,2024,2024/6/20,0.285,2024/6/26,3,不定期,"1, 3, 6, 9, 12",37.04
00779B,凱基美債25+,2024,2024/3/18,0.25,2024/3/24,1,不定期,"1, 3, 6, 9, 12",37.04
00780B,國泰A級金融債,2024,2024/11/18,0.39,2024/11/24,12,不定期,"1, 3, 6, 9, 12",37.04
00780B,國泰A級金融債,2024,2024/8/16,0.37,2024/8/24,9,不定期,"1, 3, 6, 9, 12",37.04
00780B,國泰A級金融債,2024,2024/5/17,0.38,2024/5/25,6,不定期,"1, 3, 6, 9, 12",31.39
00780B,國泰A級金融債,2024,2024/2/27,0.28,2024/3/5,3,不定期,"1, 3, 6, 9, 12",31.39
00781B,國泰A級科技債,2024,2024/12/17,0.5,2024/12/23,12,季配息,"3, 6, 9, 12",31.39
00781B,國泰A級科技債,2024,2024/9/18,0.42,2024/9/24,9,季配息,"3, 6, 9, 12",31.39
00781B,國泰A級科技債,2024,2024/6/20,0.42,2024/6/26,6,季配息,"3, 6, 9, 12",38.6
00781B,國泰A級科技債,2024,2024/3/18,0.42,2024/3/24,3,季配息,"3, 6, 9, 12",38.6
00782B,國泰A級公用債,2024,2025/1/17,0.5,2025/1/25,11,季配息,"2, 5, 8, 11",38.6
00782B,國泰A級公用債,2024,2024/4/18,0.37,2024/4/26,8,季配息,"2, 5, 8, 11",38.6
00782B,國泰A級公用債,2024,2024/10/17,0.5,2024/10/25,5,季配息,"2, 5, 8, 11",32.37
00782B,國泰A級公用債,2024,2024/7/16,0.41,2024/7/22,2,季配息,"2, 5, 8, 11",32.37
00784B,富邦中國投等債,2024,2025/1/17,0.345,2025/1/25,12,季配息,"3, 6, 9, 12",32.37
00784B,富邦中國投等債,2024,2024/10/17,0.26,2024/10/23,9,季配息,"3, 6, 9, 12",32.37
00784B,富邦中國投等債,2024,2024/7/16,0.228,2024/7/22,6,季配息,"3, 6, 9, 12",33.24
00784B,富邦中國投等債,2024,2024/4/18,0.209,2024/4/24,3,季配息,"3, 6, 9, 12",33.24
00785B,富邦金融投等債,2024,2025/1/17,0.454,2025/1/25,1,季配息,"1, 4, 7, 10",33.24
00785B,富邦金融投等債,2024,2024/10/17,0.44,2024/10/23,4,季配息,"1, 4, 7, 10",33.24
00785B,富邦金融投等債,2024,2024/7/16,0.426,2024/7/22,10,季配息,"1, 4, 7, 10",39.73
00785B,富邦金融投等債,2024,2024/4/18,0.47,2024/4/24,7,季配息,"1, 4, 7, 10",39.73
00786B,元大10年IG銀行債,2024,2024/11/18,0.42,2024/11/24,1,季配息,"1, 4, 7, 10",39.73
00786B,元大10年IG銀行債,2024,2024/8/16,0.515,2024/8/24,10,季配息,"1, 4, 7, 10",39.73
00786B,元大10年IG銀行債,2024,2024/5/17,0.5,2024/5/25,7,季配息,"1, 4, 7, 10",36.85
00786B,元大10年IG銀行債,2024,2024/2/27,0.52,2024/3/5,4,季配息,"1, 4, 7, 10",36.85
00787B,元大10年IG醫療債,2024,2024/12/17,0.5,2024/12/23,1,季配息,"1, 4, 7, 10",36.85
00787B,元大10年IG醫療債,2024,2024/9/18,0.5,2024/9/24,10,季配息,"1, 4, 7, 10",36.85
00787B,元大10年IG醫療債,2024,2024/6/20,0.55,2024/6/26,7,季配息,"1, 4, 7, 10",34.3
00787B,元大10年IG醫療債,2024,2024/3/18,0.52,2024/3/24,4,季配息,"1, 4, 7, 10",34.3
00788B,元大10年IG電能債,2024,2025/1/17,0.46,2025/1/25,11,季配息,"2, 5, 8, 11",34.3
00788B,元大10年IG電能債,2024,2024/10/17,0.45,2024/10/23,8,季配息,"2, 5, 8, 11",34.3
00788B,元大10年IG電能債,2024,2024/7/16,0.49,2024/7/22,5,季配息,"2, 5, 8, 11",34.97
00788B,元大10年IG電能債,2024,2024/4/18,0.48,2024/4/24,2,季配息,"2, 5, 8, 11",34.97
00789B,復華公司債A3,2024,2025/1/16,0.62,2025/1/22,12,季配息,"3, 6, 9, 12",34.97
00789B,復華公司債A3,2024,2024/10/22,0.6,2024/10/28,9,季配息,"3, 6, 9, 12",34.97
00789B,復華公司債A3,2024,2024/7/17,0.626,2024/7/23,6,季配息,"3, 6, 9, 12",32.01
00789B,復華公司債A3,2024,2024/4/23,0.605,2024/4/29,3,季配息,"3, 6, 9, 12",32.01
00790B,復華次順位金融債,2024,2025/1/16,0.61,2025/1/22,1,季配息,"1, 4, 7, 10",32.01
00790B,復華次順位金融債,2024,2024/10/22,0.61,2024/10/28,10,季配息,"1, 4, 7, 10",32.01
00790B,復華次順位金融債,2024,2024/7/17,0.59,2024/7/23,7,季配息,"1, 4, 7, 10",52.8
00790B,復華次順位金融債,2024,2024/4/23,0.588,2024/4/29,4,季配息,"1, 4, 7, 10",52.8
00791B,復華信用債1-5,2024,2025/1/16,0.572,2025/1/22,1,季配息,"1, 4, 7, 10",52.8
00791B,復華信用債1-5,2024,2024/10/22,0.562,2024/10/28,10,季配息,"1, 4, 7, 10",52.8
00791B,復華信用債1-5,2024,2024/7/17,0.556,2024/7/23,7,季配息,"1, 4, 7, 10",57.55
00791B,復華信用債1-5,2024,2024/4/23,0.544,2024/4/29,4,季配息,"1, 4, 7, 10",57.55
00792B,群益A級公司債,2024,2024/12/20,0.441,2024/12/28,1,季配息,"1, 4, 7, 10",57.55
00792B,群益A級公司債,2024,2024/9/23,0.437,2024/9/29,10,季配息,"1, 4, 7, 10",57.55
00792B,群益A級公司債,2024,2024/6/24,0.448,2024/6/30,7,季配息,"1, 4, 7, 10",58.4
00792B,群益A級公司債,2024,2024/3/18,0.399,2024/3/24,4,季配息,"1, 4, 7, 10",58.4
00793B,群益AAA-A醫療債,2024,2024/12/20,0.429,2024/12/28,1,季配息,"1, 4, 7, 10",58.4
00793B,群益AAA-A醫療債,2024,2024/9/23,0.436,2024/9/29,10,季配息,"1, 4, 7, 10",58.4
00793B,群益AAA-A醫療債,2024,2024/6/24,0.427,2024/6/30,7,季配息,"1, 4, 7, 10",34.37
00793B,群益AAA-A醫療債,2024,2024/3/18,0.331,2024/3/24,4,季配息,"1, 4, 7, 10",34.37
00794B,群益7+中國政金債,2024,2024/11/21,0.35,2024/11/27,12,季配息,"3, 6, 9, 12",34.37
00794B,群益7+中國政金債,2024,2024/8/21,0.38,2024/8/27,9,季配息,"3, 6, 9, 12",34.37
00794B,群益7+中國政金債,2024,2024/5/17,0.397,2024/5/25,6,季配息,"3, 6, 9, 12",33.4
00794B,群益7+中國政金債,2024,2024/2/27,0.402,2024/3/5,3,季配息,"3, 6, 9, 12",33.4
00795B,中信美國公債20年,2024,2024/11/18,0.4,2024/11/24,12,季配息,"3, 6, 9, 12",33.4
00795B,中信美國公債20年,2024,2024/8/16,0.4,2024/8/24,9,季配息,"3, 6, 9, 12",33.4
00795B,中信美國公債20年,2024,2024/5/17,0.38,2024/5/25,6,季配息,"3, 6, 9, 12",42.55
00795B,中信美國公債20年,2024,2024/2/27,0.35,2024/3/5,3,季配息,"3, 6, 9, 12",42.55
00799B,國泰A級醫療債,2024,2024/11/18,0.5,2024/11/24,11,季配息,"2, 5, 8, 11",42.55
00799B,國泰A級醫療債,2024,2024/8/16,0.45,2024/8/24,8,季配息,"2, 5, 8, 11",42.55
00799B,國泰A級醫療債,2024,2024/5/17,0.43,2024/5/25,5,季配息,"2, 5, 8, 11",29.91
00799B,國泰A級醫療債,2024,2024/2/27,0.43,2024/3/5,2,季配息,"2, 5, 8, 11",29.91
830,國泰費城半導體,2024,2025/1/17,3.96,2025/1/25,11,季配息,"2, 5, 8, 11",29.91
00834B,第一金金融債10+,2024,2025/1/22,0.371,2025/1/28,8,季配息,"2, 5, 8, 11",29.91
00834B,第一金金融債10+,2024,2024/10/22,0.407,2024/10/28,5,季配息,"2, 5, 8, 11",32.72
00834B,第一金金融債10+,2024,2024/7/19,0.398,2024/7/27,2,季配息,"2, 5, 8, 11",32.72
00834B,第一金金融債10+,2024,2024/4/22,0.4,2024/4/28,11,季配息,"2, 5, 8, 11",32.72
00836B,永豐10年A公司債,2024,2024/12/24,0.43,2024/12/30,8,季配息,"2, 5, 8, 11",32.72
00836B,永豐10年A公司債,2024,2024/9/20,0.38,2024/9/28,5,季配息,"2, 5, 8, 11",42.32
00836B,永豐10年A公司債,2024,2024/6/25,0.34,2024/7/1,2,季配息,"2, 5, 8, 11",36
00836B,永豐10年A公司債,2024,2024/3/21,0.385,2024/3/27,1,一年配,1,36
00840B,凱基IG精選15+,2024,2025/1/17,0.13,2025/1/25,1,季配息,"1, 4, 7, 10",36
00840B,凱基IG精選15+,2024,2024/12/17,0.12,2024/12/23,10,季配息,"1, 4, 7, 10",36
00840B,凱基IG精選15+,2024,2024/11/18,0.325,2024/11/24,7,季配息,"1, 4, 7, 10",31.23
00840B,凱基IG精選15+,2024,2024/8/16,0.355,2024/8/24,4,季配息,"1, 4, 7, 10",31.23
00840B,凱基IG精選15+,2024,2024/5/17,0.33,2024/5/25,12,季配息,"3, 6, 9, 12",31.23
00840B,凱基IG精選15+,2024,2024/2/27,0.33,2024/3/5,9,季配息,"3, 6, 9, 12",31.23
00841B,凱基AAA-AA公司債,2024,2024/11/18,0.34,2024/11/24,6,季配息,"3, 6, 9, 12",32.37
00841B,凱基AAA-AA公司債,2024,2024/8/16,0.34,2024/8/24,3,季配息,"3, 6, 9, 12",32.37
00841B,凱基AAA-AA公司債,2024,2024/5/17,0.32,2024/5/25,1,不定期,"1, 2, 5, 8, 11, 12",32.37
00841B,凱基AAA-AA公司債,2024,2024/2/27,0.34,2024/3/5,12,不定期,"1, 2, 5, 8, 11, 12",32.37
00842B,台新美元銀行債,2024,2025/1/16,0.5,2025/1/22,11,不定期,"1, 2, 5, 8, 11, 12",32.37
00842B,台新美元銀行債,2024,2024/10/21,0.44,2024/10/27,8,不定期,"1, 2, 5, 8, 11, 12",32.37
00842B,台新美元銀行債,2024,2024/7/16,0.45,2024/7/22,5,不定期,"1, 2, 5, 8, 11, 12",31.88
00842B,台新美元銀行債,2024,2024/4/17,0.45,2024/4/23,2,不定期,"1, 2, 5, 8, 11, 12",31.88
00844B,新光15年IG金融債,2024,2024/11/20,0.57,2024/11/26,11,季配息,"2, 5, 8, 11",31.88
00844B,新光15年IG金融債,2024,2024/8/20,0.5,2024/8/26,8,季配息,"2, 5, 8, 11",31.88
00844B,新光15年IG金融債,2024,2024/5/21,0.32,2024/5/27,5,季配息,"2, 5, 8, 11",33.8
00844B,新光15年IG金融債,2024,2024/3/1,0.36,2024/3/9,2,季配息,"2, 5, 8, 11",33.8
00845B,富邦新興投等債,2024,2024/11/18,0.371,2024/11/24,1,季配息,"1, 4, 7, 10",33.8
00845B,富邦新興投等債,2024,2024/8/16,0.385,2024/8/24,10,季配息,"1, 4, 7, 10",33.8
00845B,富邦新興投等債,2024,2024/5/17,0.382,2024/5/25,7,季配息,"1, 4, 7, 10",33.48
00845B,富邦新興投等債,2024,2024/2/27,0.36,2024/3/5,4,季配息,"1, 4, 7, 10",33.48
00846B,富邦歐洲銀行債,2024,2024/11/18,0.449,2024/11/24,11,不定期,"3, 5, 8, 11",33.48
00846B,富邦歐洲銀行債,2024,2024/8/16,0.463,2024/8/24,8,不定期,"3, 5, 8, 11",33.48
00846B,富邦歐洲銀行債,2024,2024/5/17,0.411,2024/5/25,5,不定期,"3, 5, 8, 11",34.17
00846B,富邦歐洲銀行債,2024,2024/2/27,0.395,2024/3/5,3,不定期,"3, 5, 8, 11",34.17
00847B,中信美國市政債,2024,2024/11/18,0.28,2024/11/24,11,季配息,"2, 5, 8, 11",34.17
00847B,中信美國市政債,2024,2024/8/16,0.292,2024/8/24,8,季配息,"2, 5, 8, 11",34.17
00847B,中信美國市政債,2024,2024/5/17,0.285,2024/5/25,5,季配息,"2, 5, 8, 11",37.01
00847B,中信美國市政債,2024,2024/2/27,0.283,2024/3/5,2,季配息,"2, 5, 8, 11",37.01
00848B,中信新興亞洲債,2024,2025/1/17,0.45,2025/1/25,11,季配息,"2, 5, 8, 11",37.01
00848B,中信新興亞洲債,2024,2024/10/17,0.45,2024/10/23,8,季配息,"2, 5, 8, 11",37.01
00848B,中信新興亞洲債,2024,2024/7/16,0.45,2024/7/22,5,季配息,"2, 5, 8, 11",28.02
00848B,中信新興亞洲債,2024,2024/4/18,0.4,2024/4/24,2,季配息,"2, 5, 8, 11",28.02
00849B,中信EM主權債0-5,2024,2025/1/17,0.33,2025/1/25,11,季配息,"2, 5, 8, 11",28.02
00849B,中信EM主權債0-5,2024,2024/10/17,0.33,2024/10/23,8,季配息,"2, 5, 8, 11",28.02
00849B,中信EM主權債0-5,2024,2024/7/16,0.33,2024/7/22,5,季配息,"2, 5, 8, 11",35.97
00849B,中信EM主權債0-5,2024,2024/4/18,0.45,2024/4/24,2,季配息,"2, 5, 8, 11",35.97
850,元大臺灣ESG永續,2024,2024/11/18,0.65,2024/11/24,1,季配息,"1, 4, 7, 10",35.97
850,元大臺灣ESG永續,2024,2024/8/16,0.62,2024/8/24,10,季配息,"1, 4, 7, 10",35.97
850,元大臺灣ESG永續,2024,2024/5/17,0.54,2024/5/25,7,季配息,"1, 4, 7, 10",38.39
850,元大臺灣ESG永續,2024,2024/2/27,0.43,2024/3/5,4,季配息,"1, 4, 7, 10",38.39
00853B,統一美債10年Aa-A,2024,2024/12/17,0.33,2024/12/23,1,季配息,"1, 4, 7, 10",38.39
00853B,統一美債10年Aa-A,2024,2024/9/20,0.33,2024/9/28,10,季配息,"1, 4, 7, 10",38.39
00853B,統一美債10年Aa-A,2024,2024/6/21,0.33,2024/6/29,7,季配息,"1, 4, 7, 10",45.21
00853B,統一美債10年Aa-A,2024,2024/3/19,0.34,2024/3/25,4,季配息,"1, 4, 7, 10",45.21
00856B,永豐1-3年美公債,2024,2024/12/24,0.42,2024/12/30,11,季配息,"2, 5, 8, 11",45.21
00856B,永豐1-3年美公債,2024,2024/9/20,0.43,2024/9/28,8,季配息,"2, 5, 8, 11",45.21
00856B,永豐1-3年美公債,2024,2024/6/25,0.45,2024/7/1,5,季配息,"2, 5, 8, 11",29.87
00856B,永豐1-3年美公債,2024,2024/3/21,0.419,2024/3/27,2,季配息,"2, 5, 8, 11",29.87
00857B,永豐20年美公債,2024,2024/12/24,0.31,2024/12/30,12,季配息,"3, 6, 9, 12",29.87
00857B,永豐20年美公債,2024,2024/9/20,0.3,2024/9/28,9,季配息,"3, 6, 9, 12",29.87
00857B,永豐20年美公債,2024,2024/6/25,0.21,2024/7/1,6,季配息,"3, 6, 9, 12",39.58
00857B,永豐20年美公債,2024,2024/3/21,0.351,2024/3/27,3,季配息,"3, 6, 9, 12",39.58
858,永豐美國500大,2024,2025/1/22,1.9,2025/1/28,12,季配息,"3, 6, 9, 12",39.58
858,永豐美國500大,2024,2024/7/26,1.7,2024/7/31,9,季配息,"3, 6, 9, 12",39.58
00859B,群益0-1年美債,2024,2024/12/20,0.373,2024/12/28,6,季配息,"3, 6, 9, 12",25.77
00859B,群益0-1年美債,2024,2024/9/23,0.369,2024/9/29,3,季配息,"3, 6, 9, 12",25.77
00859B,群益0-1年美債,2024,2024/6/24,0.375,2024/6/30,12,季配息,"3, 6, 9, 12",25.77
00859B,群益0-1年美債,2024,2024/3/18,0.362,2024/3/24,9,季配息,"3, 6, 9, 12",25.77
00860B,群益1-5Y投資級債,2024,2024/11/21,0.479,2024/11/27,6,季配息,"3, 6, 9, 12",32.18
00860B,群益1-5Y投資級債,2024,2024/8/21,0.505,2024/8/27,3,季配息,"3, 6, 9, 12",32.18
00860B,群益1-5Y投資級債,2024,2024/5/17,0.556,2024/5/25,1,半年配,"1, 7",43.41
00860B,群益1-5Y投資級債,2024,2024/2/27,0.488,2024/3/5,7,半年配,"1, 7",43.41
00862B,中信投資級公司債,2024,2024/12/17,0.41,2024/12/23,12,季配息,"3, 6, 9, 12",43.41
00862B,中信投資級公司債,2024,2024/9/18,0.5,2024/9/24,9,季配息,"3, 6, 9, 12",43.41
00862B,中信投資級公司債,2024,2024/6/20,0.428,2024/6/26,6,季配息,"3, 6, 9, 12",39.53
00862B,中信投資級公司債,2024,2024/3/18,0.326,2024/3/24,3,季配息,"3, 6, 9, 12",39.53
00863B,中信全球電信債,2024,2024/12/17,0.45,2024/12/23,11,季配息,"2, 5, 8, 11",39.53
00863B,中信全球電信債,2024,2024/9/18,0.42,2024/9/24,8,季配息,"2, 5, 8, 11",39.53
00863B,中信全球電信債,2024,2024/6/20,0.4,2024/6/26,5,季配息,"2, 5, 8, 11",34.31
00863B,中信全球電信債,2024,2024/3/18,0.36,2024/3/24,2,季配息,"2, 5, 8, 11",34.31
00867B,新光A-BBB電信債,2024,2024/11/20,0.43,2024/11/26,12,季配息,"3, 6, 9, 12",34.31
00867B,新光A-BBB電信債,2024,2024/8/20,0.43,2024/8/26,9,季配息,"3, 6, 9, 12",34.31
00867B,新光A-BBB電信債,2024,2024/5/21,0.32,2024/5/27,6,季配息,"3, 6, 9, 12",34.87
00867B,新光A-BBB電信債,2024,2024/3/1,0.32,2024/3/9,3,季配息,"3, 6, 9, 12",34.87
00870B,元大15年EM主權債,2024,2025/1/17,0.4,2025/1/25,12,季配息,"3, 6, 9, 12",34.87
00870B,元大15年EM主權債,2024,2024/10/17,0.38,2024/10/23,9,季配息,"3, 6, 9, 12",34.87
00870B,元大15年EM主權債,2024,2024/7/16,0.4,2024/7/22,6,季配息,"3, 6, 9, 12",33.78
00870B,元大15年EM主權債,2024,2024/4/18,0.4,2024/4/24,3,季配息,"3, 6, 9, 12",33.78
878,國泰永續高股息,2024,2024/11/18,0.55,2024/11/24,11,不定期,"3, 5, 8, 11",33.78
878,國泰永續高股息,2024,2024/8/16,0.55,2024/8/24,8,不定期,"3, 5, 8, 11",33.78
878,國泰永續高股息,2024,2024/5/17,0.51,2024/5/25,5,不定期,"3, 5, 8, 11",29.94
878,國泰永續高股息,2024,2024/2/27,0.4,2024/3/5,3,不定期,"3, 5, 8, 11",29.94
881,國泰台灣5G+,2024,2025/1/17,0.75,2025/1/25,1,季配息,"1, 4, 7, 10",29.94
881,國泰台灣5G+,2024,2024/8/16,1,2024/8/24,10,季配息,"1, 4, 7, 10",29.94
882,中信中國高股息,2024,2025/1/17,0.53,2025/1/25,7,季配息,"1, 4, 7, 10",22.4
882,中信中國高股息,2024,2024/7/16,0.4,2024/7/22,4,季配息,"1, 4, 7, 10",22.4
00883B,中信ESG投資級債,2024,2025/1/17,0.17,2025/1/25,11,季配息,"2, 5, 8, 11",22.4
00883B,中信ESG投資級債,2024,2024/12/17,0.148,2024/12/23,8,季配息,"2, 5, 8, 11",22.4
00883B,中信ESG投資級債,2024,2024/11/18,0.145,2024/11/24,5,季配息,"2, 5, 8, 11",23.81
00883B,中信ESG投資級債,2024,2024/10/17,0.145,2024/10/23,2,季配息,"2, 5, 8, 11",23.81
00883B,中信ESG投資級債,2024,2024/9/18,0.15,2024/9/24,1,半年配,"1, 8",13.25
00883B,中信ESG投資級債,2024,2024/8/16,0.175,2024/8/24,8,半年配,"1, 8",13.25
00883B,中信ESG投資級債,2024,2024/6/20,0.383,2024/6/26,1,半年配,"1, 7",33.21
00883B,中信ESG投資級債,2024,2024/3/18,0.346,2024/3/24,7,半年配,"1, 7",33.21
00884B,中信低碳新興債,2024,2025/1/17,0.475,2025/1/25,1,不定期,"1, 3, 6, 8, 9, 10, 11, 12",33.21
00884B,中信低碳新興債,2024,2024/10/17,0.3,2024/10/23,12,不定期,"1, 3, 6, 8, 9, 10, 11, 12",33.21
00884B,中信低碳新興債,2024,2024/7/16,0.3,2024/7/22,11,不定期,"1, 3, 6, 8, 9, 10, 11, 12",33.21
00884B,中信低碳新興債,2024,2024/4/18,0.18,2024/4/24,10,不定期,"1, 3, 6, 8, 9, 10, 11, 12",33.21
888,永豐台灣ESG,2024,2025/1/22,0.22,2025/1/28,9,不定期,"1, 3, 6, 8, 9, 10, 11, 12",33.21
888,永豐台灣ESG,2024,2024/10/24,0.188,2024/10/30,8,不定期,"1, 3, 6, 8, 9, 10, 11, 12",33.21
888,永豐台灣ESG,2024,2024/7/26,0.133,2024/7/31,6,不定期,"1, 3, 6, 8, 9, 10, 11, 12",31.05
888,永豐台灣ESG,2024,2024/4/22,0.188,2024/4/28,3,不定期,"1, 3, 6, 8, 9, 10, 11, 12",31.05
00890B,凱基ESG BBB 債 15+,2024,2025/1/17,0.17,2025/1/25,1,季配息,"1, 4, 7, 10",31.05
00890B,凱基ESG BBB 債 15+,2024,2024/12/17,0.17,2024/12/23,10,季配息,"1, 4, 7, 10",31.05
00890B,凱基ESG BBB 債 15+,2024,2024/11/18,0.43,2024/11/24,7,季配息,"1, 4, 7, 10",16.5
00890B,凱基ESG BBB 債 15+,2024,2024/5/17,0.435,2024/5/25,4,季配息,"1, 4, 7, 10",16.5
00890B,凱基ESG BBB 債 15+,2024,2024/2/27,0.4,2024/3/5,1,季配息,"1, 4, 7, 10",16.5
00890B,凱基ESG BBB 債 15+,2024,2024/8/16,0.455,2024/8/24,10,季配息,"1, 4, 7, 10",16.5
891,中信關鍵半導體,2024,2024/11/18,0.49,2024/11/24,7,季配息,"1, 4, 7, 10",34.97
891,中信關鍵半導體,2024,2024/8/16,0.41,2024/8/24,4,季配息,"1, 4, 7, 10",34.97
891,中信關鍵半導體,2024,2024/5/17,0.4,2024/5/25,1,不定期,"1, 2, 5, 8, 11, 12",34.97
891,中信關鍵半導體,2024,2024/2/27,0.32,2024/3/5,12,不定期,"1, 2, 5, 8, 11, 12",34.97
892,富邦台灣半導體,2024,2024/11/18,0.24,2024/11/24,11,不定期,"1, 2, 5, 8, 11, 12",34.97
892,富邦台灣半導體,2024,2024/7/16,0.145,2024/7/22,5,不定期,"1, 2, 5, 8, 11, 12",34.97
894,中信小資高價30,2024,2024/11/18,0.6,2024/11/24,2,不定期,"1, 2, 5, 8, 11, 12",18.22
894,中信小資高價30,2024,2024/8/16,0.7,2024/8/24,8,不定期,"1, 2, 5, 8, 11, 12",18.22
894,中信小資高價30,2024,2024/5/17,0.1,2024/5/25,11,季配息,"2, 5, 8, 11",18.22
894,中信小資高價30,2024,2024/2/27,0.1,2024/3/5,8,季配息,"2, 5, 8, 11",18.22
896,中信綠能及電動車,2024,2024/12/17,0.45,2024/12/23,5,季配息,"2, 5, 8, 11",17.63
896,中信綠能及電動車,2024,2024/9/18,0.27,2024/9/24,2,季配息,"2, 5, 8, 11",17.63
896,中信綠能及電動車,2024,2024/6/19,0.45,2024/6/25,11,半年配,"7, 11",20.17
896,中信綠能及電動車,2024,2024/3/18,0.34,2024/3/24,7,半年配,"7, 11",20.17
900,富邦特選高股息30,2024,2025/1/17,0.1,2025/1/25,11,季配息,"2, 5, 8, 11",20.17
900,富邦特選高股息30,2024,2024/12/17,0.1,2024/12/23,8,季配息,"2, 5, 8, 11",20.17
900,富邦特選高股息30,2024,2024/11/18,0.1,2024/11/24,5,季配息,"2, 5, 8, 11",17.21
900,富邦特選高股息30,2024,2024/8/16,0.792,2024/8/24,2,季配息,"2, 5, 8, 11",17.21
900,富邦特選高股息30,2024,2024/5/17,0.1,2024/5/25,12,季配息,"3, 6, 9, 12",17.21
900,富邦特選高股息30,2024,2024/2/27,0.12,2024/3/5,9,季配息,"3, 6, 9, 12",17.21
901,永豐智能車供應鏈,2024,2024/11/26,0.9,2024/12/2,6,季配息,"3, 6, 9, 12",14.24
904,新光臺灣半導體30,2024,2025/1/21,0.15,2025/1/27,3,季配息,"3, 6, 9, 12",14.24
904,新光臺灣半導體30,2024,2024/10/21,0.15,2024/10/27,1,不定期,"1, 2, 5, 8, 11, 12",14.24
904,新光臺灣半導體30,2024,2024/7/18,0.1,2024/7/24,12,不定期,"1, 2, 5, 8, 11, 12",14.24
904,新光臺灣半導體30,2024,2024/4/22,0.05,2024/4/28,11,不定期,"1, 2, 5, 8, 11, 12",14.24
905,FT臺灣SMART,2024,2024/10/22,0.32,2024/10/28,8,不定期,"1, 2, 5, 8, 11, 12",14.24
905,FT臺灣SMART,2024,2024/7/16,0.37,2024/7/22,5,不定期,"1, 2, 5, 8, 11, 12",20.47
905,FT臺灣SMART,2024,2024/4/18,0.21,2024/4/26,2,不定期,"1, 2, 5, 8, 11, 12",18.61
907,永豐優息存股,2024,2024/12/24,0.22,2024/12/30,11,一年配,11,18.61
907,永豐優息存股,2024,2024/10/24,0.28,2024/10/30,1,季配息,"1, 4, 7, 10",18.61
907,永豐優息存股,2024,2024/8/23,0.33,2024/8/31,10,季配息,"1, 4, 7, 10",18.61
907,永豐優息存股,2024,2024/6/25,0.33,2024/7/1,7,季配息,"1, 4, 7, 10",13.89
907,永豐優息存股,2024,2024/4/22,0.141,2024/4/28,4,季配息,"1, 4, 7, 10",13.89
907,永豐優息存股,2024,2024/2/26,0.141,2024/3/4,10,不定期,"4, 7, 10",13.89
908,富邦入息REITs+,2024,2025/1/17,0.138,2025/1/25,7,不定期,"4, 7, 10",16.04
908,富邦入息REITs+,2024,2024/10/17,0.133,2024/10/23,4,不定期,"4, 7, 10",16.04
908,富邦入息REITs+,2024,2024/7/16,0.245,2024/7/22,12,不定期,"2, 4, 6, 8, 10, 12",16.04
908,富邦入息REITs+,2024,2024/4/18,0.144,2024/4/24,10,不定期,"2, 4, 6, 8, 10, 12",16.04
909,國泰數位支付服務,2024,2024/4/18,1.81,2024/4/26,8,不定期,"2, 4, 6, 8, 10, 12",16.04
911,兆豐洲際半導體,2024,2024/7/17,1.2,2024/7/23,6,不定期,"2, 4, 6, 8, 10, 12",16.04
912,中信臺灣智慧50,2024,2025/1/17,0.39,2025/1/25,4,不定期,"2, 4, 6, 8, 10, 12",12.75
912,中信臺灣智慧50,2024,2024/10/17,0.66,2024/10/23,2,不定期,"2, 4, 6, 8, 10, 12",12.75
912,中信臺灣智慧50,2024,2024/7/16,0.25,2024/7/22,1,季配息,"1, 4, 7, 10",12.75
912,中信臺灣智慧50,2024,2024/4/18,0.23,2024/4/24,10,季配息,"1, 4, 7, 10",12.75
913,兆豐台灣晶圓製造,2024,2024/8/16,0.66,2024/8/24,7,季配息,"1, 4, 7, 10",29.65
913,兆豐台灣晶圓製造,2024,2024/3/4,0.46,2024/3/10,4,季配息,"1, 4, 7, 10",25.77
915,凱基優選高股息30,2024,2024/12/17,0.75,2024/12/23,4,一年配,4,19.03
915,凱基優選高股息30,2024,2024/9/19,0.82,2024/9/25,7,一年配,7,19.03
915,凱基優選高股息30,2024,2024/6/19,0.72,2024/6/25,1,季配息,"1, 4, 7, 10",19.03
915,凱基優選高股息30,2024,2024/3/18,0.72,2024/3/24,10,季配息,"1, 4, 7, 10",19.03
916,國泰全球品牌50,2024,2024/6/20,0.22,2024/6/26,7,季配息,"1, 4, 7, 10",20.55
917,中信特選金融,2024,2025/1/17,2,2025/1/25,4,季配息,"1, 4, 7, 10",20.55
918,大華優利高填息30,2024,2024/12/19,0.84,2024/12/25,8,半年配,"3, 8",24.79
918,大華優利高填息30,2024,2024/9/19,0.78,2024/9/25,3,半年配,"3, 8",24.79
918,大華優利高填息30,2024,2024/6/19,0.8,2024/6/25,12,季配息,"3, 6, 9, 12",24.79
918,大華優利高填息30,2024,2024/3/18,0.7,2024/3/24,9,季配息,"3, 6, 9, 12",24.79
919,群益台灣精選高息,2024,2024/12/20,0.72,2024/12/28,6,季配息,"3, 6, 9, 12",25.52
919,群益台灣精選高息,2024,2024/9/23,0.72,2024/9/29,3,季配息,"3, 6, 9, 12",22.73
919,群益台灣精選高息,2024,2024/6/24,0.7,2024/6/30,6,一年配,6,23.21
919,群益台灣精選高息,2024,2024/3/18,0.66,2024/3/24,1,一年配,1,23.21
920,富邦ESG綠色電力,2024,2025/1/17,0.206,2025/1/25,12,季配息,"3, 6, 9, 12",23.21
921,兆豐龍頭等權重,2024,2024/12/17,0.32,2024/12/23,9,季配息,"3, 6, 9, 12",23.21
921,兆豐龍頭等權重,2024,2024/9/18,0.6,2024/9/24,6,季配息,"3, 6, 9, 12",23.99
921,兆豐龍頭等權重,2024,2024/6/19,0.58,2024/6/25,3,季配息,"3, 6, 9, 12",23.99
921,兆豐龍頭等權重,2024,2024/3/21,0.3,2024/3/29,12,季配息,"3, 6, 9, 12",23.99
922,國泰台灣領袖50,2024,2024/10/17,1,2024/10/25,9,季配息,"3, 6, 9, 12",23.99
922,國泰台灣領袖50,2024,2024/3/18,0.38,2024/3/24,6,季配息,"3, 6, 9, 12",12.62
923,群益台ESG低碳50,2024,2024/8/21,0.923,2024/8/27,3,季配息,"3, 6, 9, 12",17.59
923,群益台ESG低碳50,2024,2024/2/27,0.23,2024/3/5,1,一年配,1,17.59
926,凱基全球菁英55,2024,2024/12/17,1.5,2024/12/23,12,季配息,"3, 6, 9, 12",17.59
927,群益半導體收益,2024,2025/1/22,0.37,2025/1/28,9,季配息,"3, 6, 9, 12",17.59
927,群益半導體收益,2024,2024/10/22,0.48,2024/10/28,6,季配息,"3, 6, 9, 12",21.82
927,群益半導體收益,2024,2024/7/19,0.64,2024/7/27,3,季配息,"3, 6, 9, 12",21.82
927,群益半導體收益,2024,2024/4/18,0.4,2024/4/24,10,半年配,"3, 10",21.46
928,中信上櫃ESG 30,2024,2025/1/17,0.38,2025/1/25,3,半年配,"3, 10",21.46
928,中信上櫃ESG 30,2024,2024/7/16,1.11,2024/7/22,8,半年配,"2, 8",22.18
929,復華台灣科技優息,2024,2025/1/16,0.05,2025/1/22,2,半年配,"2, 8",18.41
929,復華台灣科技優息,2024,2024/12/18,0.05,2024/12/24,12,一年配,12,18.41
929,復華台灣科技優息,2024,2024/11/19,0.11,2024/11/25,1,季配息,"1, 4, 7, 10",18.41
929,復華台灣科技優息,2024,2024/10/22,0.14,2024/10/28,10,季配息,"1, 4, 7, 10",18.41
929,復華台灣科技優息,2024,2024/9/19,0.16,2024/9/25,7,季配息,"1, 4, 7, 10",16.16
929,復華台灣科技優息,2024,2024/8/20,0.18,2024/8/26,4,季配息,"1, 4, 7, 10",16.16
929,復華台灣科技優息,2024,2024/7/17,0.18,2024/7/23,1,半年配,"1, 7",18.68
929,復華台灣科技優息,2024,2024/6/20,0.2,2024/6/26,7,半年配,"1, 7",18.68
929,復華台灣科技優息,2024,2024/5/21,0.2,2024/5/27,1,月月配,"1, 2, 3, 4, 5, 6, 7, 8, 9, 10, 11, 12",18.68
929,復華台灣科技優息,2024,2024/4/23,0.2,2024/4/29,12,月月配,"1, 2, 3, 4, 5, 6, 7, 8, 9, 10, 11, 12",18.68
929,復華台灣科技優息,2024,2024/3/19,0.13,2024/3/25,11,月月配,"1, 2, 3, 4, 5, 6, 7, 8, 9, 10, 11, 12",18.68
929,復華台灣科技優息,2024,2024/2/29,0.13,2024/3/6,10,月月配,"1, 2, 3, 4, 5, 6, 7, 8, 9, 10, 11, 12",18.68
930,永豐ESG低碳高息,2024,2025/1/22,0.16,2025/1/28,9,月月配,"1, 2, 3, 4, 5, 6, 7, 8, 9, 10, 11, 12",18.68
930,永豐ESG低碳高息,2024,2024/11/26,0.43,2024/12/2,8,月月配,"1, 2, 3, 4, 5, 6, 7, 8, 9, 10, 11, 12",18.68
930,永豐ESG低碳高息,2024,2024/9/20,0.43,2024/9/28,7,月月配,"1, 2, 3, 4, 5, 6, 7, 8, 9, 10, 11, 12",18.68
930,永豐ESG低碳高息,2024,2024/7/26,0.36,2024/7/31,6,月月配,"1, 2, 3, 4, 5, 6, 7, 8, 9, 10, 11, 12",18.68
930,永豐ESG低碳高息,2024,2024/5/23,0.36,2024/5/29,5,月月配,"1, 2, 3, 4, 5, 6, 7, 8, 9, 10, 11, 12",18.68
930,永豐ESG低碳高息,2024,2024/3/21,0.246,2024/3/27,4,月月配,"1, 2, 3, 4, 5, 6, 7, 8, 9, 10, 11, 12",18.68
00931B,統一美債20年,2024,2025/1/17,0.15,2025/1/25,3,月月配,"1, 2, 3, 4, 5, 6, 7, 8, 9, 10, 11, 12",18.32
00931B,統一美債20年,2024,2024/10/18,0.14,2024/10/26,2,月月配,"1, 2, 3, 4, 5, 6, 7, 8, 9, 10, 11, 12",18.32
00931B,統一美債20年,2024,2024/7/18,0.135,2024/7/26,1,不定期,"1, 3, 5, 7, 9, 11",18.32
00931B,統一美債20年,2024,2024/4/19,0.14,2024/4/27,11,不定期,"1, 3, 5, 7, 9, 11",18.32
932,兆豐永續高息等權,2024,2024/11/19,0.52,2024/11/25,9,不定期,"1, 3, 5, 7, 9, 11",18.32
932,兆豐永續高息等權,2024,2024/8/16,0.65,2024/8/24,7,不定期,"1, 3, 5, 7, 9, 11",18.32
932,兆豐永續高息等權,2024,2024/5/16,0.52,2024/5/24,5,不定期,"1, 3, 5, 7, 9, 11",14.89
00933B,國泰10Y+金融債,2024,2025/1/17,0.082,2025/1/25,3,不定期,"1, 3, 5, 7, 9, 11",14.89
00933B,國泰10Y+金融債,2024,2024/12/17,0.082,2024/12/23,1,季配息,"1, 4, 7, 10",14.89
00933B,國泰10Y+金融債,2024,2024/11/18,0.082,2024/11/24,10,季配息,"1, 4, 7, 10",14.89
00933B,國泰10Y+金融債,2024,2024/10/17,0.08,2024/10/25,7,季配息,"1, 4, 7, 10",16.01
00933B,國泰10Y+金融債,2024,2024/9/18,0.075,2024/9/24,4,季配息,"1, 4, 7, 10",16.01
00933B,國泰10Y+金融債,2024,2024/8/16,0.072,2024/8/24,11,不定期,"5, 8, 11",16.01
00933B,國泰10Y+金融債,2024,2024/7/16,0.072,2024/7/22,8,不定期,"5, 8, 11",17.02
00933B,國泰10Y+金融債,2024,2024/6/20,0.072,2024/6/26,5,不定期,"5, 8, 11",17.02
00933B,國泰10Y+金融債,2024,2024/5/17,0.07,2024/5/25,1,月月配,"1, 2, 3, 4, 5, 6, 7, 8, 9, 10, 11, 12",17.02
00933B,國泰10Y+金融債,2024,2024/4/18,0.07,2024/4/26,12,月月配,"1, 2, 3, 4, 5, 6, 7, 8, 9, 10, 11, 12",17.02
00933B,國泰10Y+金融債,2024,2024/3/18,0.07,2024/3/24,11,月月配,"1, 2, 3, 4, 5, 6, 7, 8, 9, 10, 11, 12",17.02
00933B,國泰10Y+金融債,2024,2024/2/27,0.23,2024/3/5,10,月月配,"1, 2, 3, 4, 5, 6, 7, 8, 9, 10, 11, 12",17.02
934,中信成長高股息,2024,2025/1/17,0.026,2025/1/25,9,月月配,"1, 2, 3, 4, 5, 6, 7, 8, 9, 10, 11, 12",17.02
934,中信成長高股息,2024,2024/12/17,0.023,2024/12/23,8,月月配,"1, 2, 3, 4, 5, 6, 7, 8, 9, 10, 11, 12",17.02
934,中信成長高股息,2024,2024/11/18,0.115,2024/11/24,7,月月配,"1, 2, 3, 4, 5, 6, 7, 8, 9, 10, 11, 12",17.02
934,中信成長高股息,2024,2024/10/17,0.139,2024/10/23,6,月月配,"1, 2, 3, 4, 5, 6, 7, 8, 9, 10, 11, 12",17.02
934,中信成長高股息,2024,2024/9/18,0.142,2024/9/24,5,月月配,"1, 2, 3, 4, 5, 6, 7, 8, 9, 10, 11, 12",17.02
934,中信成長高股息,2024,2024/8/16,0.14,2024/8/24,4,月月配,"1, 2, 3, 4, 5, 6, 7, 8, 9, 10, 11, 12",17.02
934,中信成長高股息,2024,2024/7/16,0.33,2024/7/22,3,月月配,"1, 2, 3, 4, 5, 6, 7, 8, 9, 10, 11, 12",18.96
935,野村臺灣新科技50,2024,2024/9/18,0.6,2024/9/24,2,月月配,"1, 2, 3, 4, 5, 6, 7, 8, 9, 10, 11, 12",18.96
936,台新永續高息中小,2024,2025/1/16,0.05,2025/1/22,1,不定期,"1, 7, 8, 9, 10, 11, 12",18.96
936,台新永續高息中小,2024,2024/12/16,0.05,2024/12/22,12,不定期,"1, 7, 8, 9, 10, 11, 12",18.96
936,台新永續高息中小,2024,2024/11/15,0.05,2024/11/23,11,不定期,"1, 7, 8, 9, 10, 11, 12",18.96
936,台新永續高息中小,2024,2024/10/16,0.08,2024/10/22,10,不定期,"1, 7, 8, 9, 10, 11, 12",18.96
936,台新永續高息中小,2024,2024/9/16,0.08,2024/9/23,9,不定期,"1, 7, 8, 9, 10, 11, 12",18.96
936,台新永續高息中小,2024,2024/8/15,0.16,2024/8/21,8,不定期,"1, 7, 8, 9, 10, 11, 12",22.77
936,台新永續高息中小,2024,2024/7/15,0.16,2024/7/21,7,不定期,"1, 7, 8, 9, 10, 11, 12",15.73
936,台新永續高息中小,2024,2024/6/18,0.25,2024/6/24,9,一年配,9,15.73
936,台新永續高息中小,2024,2024/5/16,0.16,2024/5/22,1,不定期,"1, 4, 5, 6, 7, 8, 9, 10, 11, 12",15.73
936,台新永續高息中小,2024,2024/4/17,0.11,2024/4/23,12,不定期,"1, 4, 5, 6, 7, 8, 9, 10, 11, 12",15.73
00937B,群益ESG投等債20+,2024,2025/1/22,0.082,2025/1/28,11,不定期,"1, 4, 5, 6, 7, 8, 9, 10, 11, 12",15.73
00937B,群益ESG投等債20+,2024,2024/12/20,0.082,2024/12/28,10,不定期,"1, 4, 5, 6, 7, 8, 9, 10, 11, 12",15.73
00937B,群益ESG投等債20+,2024,2024/11/21,0.082,2024/11/27,9,不定期,"1, 4, 5, 6, 7, 8, 9, 10, 11, 12",15.73
00937B,群益ESG投等債20+,2024,2024/10/22,0.082,2024/10/28,8,不定期,"1, 4, 5, 6, 7, 8, 9, 10, 11, 12",15.73
00937B,群益ESG投等債20+,2024,2024/9/23,0.082,2024/9/29,7,不定期,"1, 4, 5, 6, 7, 8, 9, 10, 11, 12",15.73
00937B,群益ESG投等債20+,2024,2024/8/21,0.082,2024/8/27,6,不定期,"1, 4, 5, 6, 7, 8, 9, 10, 11, 12",15.73
00937B,群益ESG投等債20+,2024,2024/7/19,0.084,2024/7/27,5,不定期,"1, 4, 5, 6, 7, 8, 9, 10, 11, 12",16.11
00937B,群益ESG投等債20+,2024,2024/6/24,0.084,2024/6/30,4,不定期,"1, 4, 5, 6, 7, 8, 9, 10, 11, 12",16.11
00937B,群益ESG投等債20+,2024,2024/5/17,0.084,2024/5/25,1,月月配,"1, 2, 3, 4, 5, 6, 7, 8, 9, 10, 11, 12",16.11
00937B,群益ESG投等債20+,2024,2024/4/18,0.084,2024/4/24,12,月月配,"1, 2, 3, 4, 5, 6, 7, 8, 9, 10, 11, 12",16.11
00937B,群益ESG投等債20+,2024,2024/3/18,0.084,2024/3/24,11,月月配,"1, 2, 3, 4, 5, 6, 7, 8, 9, 10, 11, 12",16.11
00937B,群益ESG投等債20+,2024,2024/2/27,0.084,2024/3/5,10,月月配,"1, 2, 3, 4, 5, 6, 7, 8, 9, 10, 11, 12",16.11
939,統一台灣高息動能,2024,2024/12/31,0.05,2025/1/7,9,月月配,"1, 2, 3, 4, 5, 6, 7, 8, 9, 10, 11, 12",16.11
939,統一台灣高息動能,2024,2024/12/3,0.063,2024/12/9,8,月月配,"1, 2, 3, 4, 5, 6, 7, 8, 9, 10, 11, 12",16.11
939,統一台灣高息動能,2024,2024/11/1,0.063,2024/11/8,7,月月配,"1, 2, 3, 4, 5, 6, 7, 8, 9, 10, 11, 12",16.11
939,統一台灣高息動能,2024,2024/10/4,0.063,2024/10/8,6,月月配,"1, 2, 3, 4, 5, 6, 7, 8, 9, 10, 11, 12",16.11
939,統一台灣高息動能,2024,2024/9/3,0.063,2024/9/9,5,月月配,"1, 2, 3, 4, 5, 6, 7, 8, 9, 10, 11, 12",16.11
939,統一台灣高息動能,2024,2024/8/1,0.063,2024/8/9,4,月月配,"1, 2, 3, 4, 5, 6, 7, 8, 9, 10, 11, 12",16.11
940,元大台灣價值高息,2024,2025/1/2,0.03,2025/1/8,3,月月配,"1, 2, 3, 4, 5, 6, 7, 8, 9, 10, 11, 12",14.4
940,元大台灣價值高息,2024,2024/12/11,0.04,2024/12/17,2,月月配,"1, 2, 3, 4, 5, 6, 7, 8, 9, 10, 11, 12",14.4
940,元大台灣價值高息,2024,2024/11/7,0.04,2024/11/13,12,不定期,"8, 9, 10, 11, 12",14.4
940,元大台灣價值高息,2024,2024/10/9,0.05,2024/10/16,12,不定期,"8, 9, 10, 11, 12",14.4
940,元大台灣價值高息,2024,2024/9/5,0.05,2024/9/11,11,不定期,"8, 9, 10, 11, 12",14.4
940,元大台灣價值高息,2024,2024/8/8,0.05,2024/8/14,10,不定期,"8, 9, 10, 11, 12",14.4
940,元大台灣價值高息,2024,2024/7/11,0.05,2024/7/17,9,不定期,"8, 9, 10, 11, 12",9.56
00942B,台新美A公司債20+,2024,2025/1/16,0.07,2025/1/22,8,不定期,"8, 9, 10, 11, 12",9.56
00942B,台新美A公司債20+,2024,2024/12/16,0.07,2024/12/22,1,不定期,"1, 7, 8, 9, 10, 11, 12",9.56
00942B,台新美A公司債20+,2024,2024/11/15,0.07,2024/11/23,12,不定期,"1, 7, 8, 9, 10, 11, 12",9.56
00942B,台新美A公司債20+,2024,2024/10/21,0.068,2024/10/27,11,不定期,"1, 7, 8, 9, 10, 11, 12",9.56
00942B,台新美A公司債20+,2024,2024/9/18,0.07,2024/9/24,10,不定期,"1, 7, 8, 9, 10, 11, 12",9.56
00942B,台新美A公司債20+,2024,2024/8/16,0.07,2024/8/24,9,不定期,"1, 7, 8, 9, 10, 11, 12",9.56
00942B,台新美A公司債20+,2024,2024/7/16,0.07,2024/7/22,8,不定期,"1, 7, 8, 9, 10, 11, 12",15.5
00942B,台新美A公司債20+,2024,2024/6/18,0.1,2024/6/24,7,不定期,"1, 7, 8, 9, 10, 11, 12",15.5
943,兆豐電子高息等權,2024,2025/1/17,0.018,2025/1/25,1,不定期,"1, 6, 7, 8, 9, 10, 11, 12",15.5
943,兆豐電子高息等權,2024,2024/12/17,0.025,2024/12/23,12,不定期,"1, 6, 7, 8, 9, 10, 11, 12",15.5
943,兆豐電子高息等權,2024,2024/11/19,0.15,2024/11/25,11,不定期,"1, 6, 7, 8, 9, 10, 11, 12",15.5
943,兆豐電子高息等權,2024,2024/10/17,0.15,2024/10/25,10,不定期,"1, 6, 7, 8, 9, 10, 11, 12",15.5
943,兆豐電子高息等權,2024,2024/9/18,0.15,2024/9/24,9,不定期,"1, 6, 7, 8, 9, 10, 11, 12",15.5
944,野村趨勢動能高息,2024,2025/1/17,0.058,2025/1/25,8,不定期,"1, 6, 7, 8, 9, 10, 11, 12",15.5
944,野村趨勢動能高息,2024,2024/12/17,0.058,2024/12/23,7,不定期,"1, 6, 7, 8, 9, 10, 11, 12",15
944,野村趨勢動能高息,2024,2024/11/18,0.058,2024/11/24,6,不定期,"1, 6, 7, 8, 9, 10, 11, 12",15
944,野村趨勢動能高息,2024,2024/10/17,0.058,2024/10/25,1,不定期,"1, 9, 10, 11, 12",15
944,野村趨勢動能高息,2024,2024/9/18,0.058,2024/9/24,12,不定期,"1, 9, 10, 11, 12",15
944,野村趨勢動能高息,2024,2024/8/16,0.058,2024/8/24,11,不定期,"1, 9, 10, 11, 12",15
944,野村趨勢動能高息,2024,2024/7/16,0.058,2024/7/22,10,不定期,"1, 9, 10, 11, 12",14.98
00945B,凱基美國非投等債,2024,2025/1/17,0.1,2025/1/25,9,不定期,"1, 9, 10, 11, 12",14.98
00945B,凱基美國非投等債,2024,2024/12/17,0.102,2024/12/23,1,不定期,"1, 7, 8, 9, 10, 11, 12",14.98
00945B,凱基美國非投等債,2024,2024/11/18,0.102,2024/11/24,12,不定期,"1, 7, 8, 9, 10, 11, 12",14.98
00945B,凱基美國非投等債,2024,2024/10/21,0.102,2024/10/27,11,不定期,"1, 7, 8, 9, 10, 11, 12",14.98
00945B,凱基美國非投等債,2024,2024/9/19,0.102,2024/9/25,10,不定期,"1, 7, 8, 9, 10, 11, 12",14.98
00945B,凱基美國非投等債,2024,2024/8/16,0.102,2024/8/24,9,不定期,"1, 7, 8, 9, 10, 11, 12",14.98
00945B,凱基美國非投等債,2024,2024/7/16,0.102,2024/7/22,8,不定期,"1, 7, 8, 9, 10, 11, 12",15.53
946,群益科技高息成長,2024,2025/1/8,0.041,2025/1/14,7,不定期,"1, 7, 8, 9, 10, 11, 12",15.53
946,群益科技高息成長,2024,2024/12/6,0.041,2024/12/14,1,不定期,"1, 7, 8, 9, 10, 11, 12",15.53
946,群益科技高息成長,2024,2024/11/7,0.054,2024/11/13,12,不定期,"1, 7, 8, 9, 10, 11, 12",15.53
946,群益科技高息成長,2024,2024/10/8,0.054,2024/10/14,11,不定期,"1, 7, 8, 9, 10, 11, 12",15.53
946,群益科技高息成長,2024,2024/9/6,0.054,2024/9/14,10,不定期,"1, 7, 8, 9, 10, 11, 12",15.53
946,群益科技高息成長,2024,2024/8/7,0.067,2024/8/13,9,不定期,"1, 7, 8, 9, 10, 11, 12",15.53
00948B,中信優息投資級債,2024,2025/1/17,0.042,2025/1/25,8,不定期,"1, 7, 8, 9, 10, 11, 12",9.62
00948B,中信優息投資級債,2024,2024/12/17,0.052,2024/12/23,7,不定期,"1, 7, 8, 9, 10, 11, 12",9.62
00948B,中信優息投資級債,2024,2024/11/18,0.052,2024/11/24,1,不定期,"1, 8, 9, 10, 11, 12",9.62
00948B,中信優息投資級債,2024,2024/10/17,0.053,2024/10/23,12,不定期,"1, 8, 9, 10, 11, 12",9.62
00948B,中信優息投資級債,2024,2024/9/18,0.053,2024/9/24,11,不定期,"1, 8, 9, 10, 11, 12",9.62
00948B,中信優息投資級債,2024,2024/8/16,0.055,2024/8/24,10,不定期,"1, 8, 9, 10, 11, 12",9.62
00950B,凱基A級公司債,2024,2025/1/2,0.08,2025/1/8,9,不定期,"1, 8, 9, 10, 11, 12",10.23
00950B,凱基A級公司債,2024,2024/12/3,0.08,2024/12/9,8,不定期,"1, 8, 9, 10, 11, 12",10.23
00950B,凱基A級公司債,2024,2024/11/1,0.082,2024/11/6,1,不定期,"1, 8, 9, 10, 11, 12",10.23
00953B,群益優選非投等債,2024,2025/1/8,0.07,2025/1/14,12,不定期,"1, 8, 9, 10, 11, 12",10.23
00953B,群益優選非投等債,2024,2024/12/6,0.07,2024/12/14,11,不定期,"1, 8, 9, 10, 11, 12",10.23
00953B,群益優選非投等債,2024,2024/11/7,0.07,2024/11/13,10,不定期,"1, 8, 9, 10, 11, 12",10.23
956,中信日經高股息,2024,2025/1/17,0.11,2025/1/25,9,不定期,"1, 8, 9, 10, 11, 12",15.13
00957B,兆豐US優選投等債,2024,2025/1/17,0.072,2025/1/25,8,不定期,"1, 8, 9, 10, 11, 12",15.13
00958B,永豐ESG銀行債15+,2024,2025/1/22,0.042,2025/1/28,1,不定期,"1, 11, 12",15.13
00958B,永豐ESG銀行債15+,2024,2024/12/24,0.042,2024/12/30,12,不定期,"1, 11, 12",10.34
00958B,永豐ESG銀行債15+,2024,2024/11/26,0.042,2024/12/2,11,不定期,"1, 11, 12",10.34
00959B,大華投等美債15Y+,2024,2025/1/3,0.052,2025/1/11,1,不定期,"1, 11, 12",10.34
00959B,大華投等美債15Y+,2024,2024/12/4,0.052,2024/12/10,12,不定期,"1, 11, 12",10.21
00959B,大華投等美債15Y+,2024,2024/11/1,0.055,2024/11/6,11,不定期,"1, 11, 12",14.77
960,野村全球航運龍頭,2024,2025/1/17,0.18,2025/1/25,1,一年配,1,9.78
